dia;mes;ano;temperatura;hora
1;9;2020;36,4;16:41:38
1;9;2020;36,9;09:56:44
1;9;2020;37,1;16:38:22
1;9;2020;36,6;09:31:24
1;9;2020;37,9;12:17:07
1;9;2020;36,1;10:52:10
1;9;2020;37;07:31:43
1;9;2020;36;11:56:05
1;9;2020;36,7;07:45:06
1;9;2020;37,2;13:30:16
1;9;2020;37,3;14:04:53
1;9;2020;37,1;07:12:41
1;9;2020;37,1;12:50:54
1;9;2020;37;16:59:03
1;9;2020;37;15:32:55
1;9;2020;36,8;14:05:33
1;9;2020;36,7;15:13:20
1;9;2020;36,6;12:18:26
1;9;2020;36,5;07:09:57
1;9;2020;36,3;11:20:12
1;9;2020;36,3;08:05:57
1;9;2020;36,2;16:16:55
1;9;2020;36,1;08:20:28
1;9;2020;36;12:56:58
1;9;2020;36;17:36:13
1;9;2020;36;14:30:34
1;9;2020;35,9;16:44:17
1;9;2020;35,8;16:55:36
1;9;2020;35,7;09:31:05
2;9;2020;37,5;10:27:43
2;9;2020;36,7;07:22:49
2;9;2020;37,5;11:52:39
2;9;2020;38,3;14:41:06
2;9;2020;36,7;10:53:16
2;9;2020;36,4;07:33:34
2;9;2020;36,6;12:19:31
2;9;2020;37,5;11:07:19
2;9;2020;36,4;07:36:59
2;9;2020;37,4;08:48:09
2;9;2020;37,3;15:02:51
2;9;2020;37,3;07:21:02
2;9;2020;37,2;14:32:08
2;9;2020;37,2;12:26:50
2;9;2020;37,1;07:33:40
2;9;2020;37,1;07:25:27
2;9;2020;37;14:41:43
2;9;2020;37;16:16:41
2;9;2020;36,8;14:59:01
2;9;2020;36,6;15:28:38
2;9;2020;36,3;15:43:10
2;9;2020;36,3;07:06:48
2;9;2020;36,2;15:27:45
2;9;2020;36,2;09:55:24
2;9;2020;36,1;16:28:57
2;9;2020;36,1;08:23:02
2;9;2020;36,1;17:06:12
2;9;2020;37,1;16:24:47
2;9;2020;36;09:35:07
2;9;2020;35,9;10:39:07
2;9;2020;35,8;10:06:55
2;9;2020;35,8;17:46:10
2;9;2020;35,8;10:55:44
2;9;2020;35,7;11:03:15
2;9;2020;35,7;15:43:39
2;9;2020;35,6;13:48:11
2;9;2020;35,6;17:28:01
2;9;2020;35,5;07:02:42
3;9;2020;36,8;09:06:16
3;9;2020;37,5;12:22:53
3;9;2020;36,9;09:38:34
3;9;2020;37,1;11:07:20
3;9;2020;36,3;10:18:12
3;9;2020;36,6;15:51:56
3;9;2020;36,8;08:49:00
3;9;2020;37,5;17:56:58
3;9;2020;36,8;10:29:40
3;9;2020;37,4;16:38:01
3;9;2020;37,1;10:18:20
3;9;2020;36,9;08:21:18
3;9;2020;36,9;11:48:49
3;9;2020;36,8;14:52:55
3;9;2020;36,7;12:26:15
3;9;2020;36,6;09:10:49
3;9;2020;37,5;17:15:44
3;9;2020;36,3;16:51:18
3;9;2020;36,2;12:58:59
3;9;2020;35,8;16:37:15
3;9;2020;35,8;15:56:41
3;9;2020;35,7;17:04:31
3;9;2020;35,7;13:00:52
3;9;2020;35,7;16:57:30
3;9;2020;35,6;14:16:45
3;9;2020;35,5;15:15:36
4;9;2020;37,4;17:13:53
4;9;2020;37,3;15:45:12
4;9;2020;36,9;10:45:26
4;9;2020;37,5;13:19:55
4;9;2020;37,4;08:03:05
4;9;2020;37,4;13:49:16
4;9;2020;37,5;13:10:13
4;9;2020;37,5;07:08:31
4;9;2020;36,1;13:44:34
4;9;2020;37,4;07:45:05
4;9;2020;37,3;10:43:23
4;9;2020;37,3;08:35:40
4;9;2020;37,2;13:03:52
4;9;2020;37,1;10:15:14
4;9;2020;37;12:01:25
4;9;2020;37;12:17:33
4;9;2020;36,6;12:31:14
4;9;2020;36,5;13:30:59
4;9;2020;36,5;09:53:40
4;9;2020;36,5;17:10:44
4;9;2020;36,4;14:34:27
4;9;2020;36,4;08:59:58
4;9;2020;36,3;16:25:10
4;9;2020;36,3;07:20:31
4;9;2020;36;15:54:52
4;9;2020;36;17:19:43
4;9;2020;35,8;09:32:40
4;9;2020;35,7;09:03:13
5;9;2020;36,2;17:56:07
5;9;2020;36,1;12:40:58
5;9;2020;36;07:09:17
5;9;2020;37,5;15:30:27
5;9;2020;37,4;15:27:08
5;9;2020;37,4;15:31:43
5;9;2020;37,4;13:21:25
5;9;2020;37,3;17:21:50
5;9;2020;37,3;08:43:26
5;9;2020;37,3;17:30:52
5;9;2020;37,2;11:01:14
5;9;2020;37,2;17:40:50
5;9;2020;37,1;13:04:54
5;9;2020;37;07:22:30
5;9;2020;37;11:30:20
5;9;2020;36,9;10:37:14
5;9;2020;36,8;13:06:27
5;9;2020;36,7;17:03:42
5;9;2020;36,6;13:47:40
5;9;2020;36,4;15:47:05
5;9;2020;36,3;07:56:39
5;9;2020;36,3;15:05:32
5;9;2020;36,2;11:17:17
5;9;2020;35,8;13:54:10
5;9;2020;35,8;12:43:19
5;9;2020;35,7;14:59:03
5;9;2020;35,7;13:11:46
5;9;2020;35,6;12:52:40
5;9;2020;35,6;16:52:13
5;9;2020;35,5;17:37:24
5;9;2020;35,5;11:53:51
6;9;2020;36;09:46:50
6;9;2020;36,1;17:39:57
6;9;2020;36,3;16:59:15
6;9;2020;37;16:55:06
6;9;2020;37;11:24:45
6;9;2020;36,1;15:33:43
6;9;2020;37,5;11:00:10
6;9;2020;37,4;16:20:35
6;9;2020;37,4;15:07:28
6;9;2020;37,4;12:46:40
6;9;2020;37,3;08:17:40
6;9;2020;37,2;07:36:03
6;9;2020;36,9;10:56:44
6;9;2020;36,8;16:31:17
6;9;2020;36,5;17:06:50
6;9;2020;36,5;16:43:44
6;9;2020;36,4;12:45:22
6;9;2020;36,4;10:00:02
6;9;2020;36,3;14:16:06
6;9;2020;36,2;08:13:27
6;9;2020;36,2;14:04:21
6;9;2020;36,1;12:44:03
6;9;2020;36,1;10:47:24
6;9;2020;35,9;09:09:31
6;9;2020;35,8;07:57:34
6;9;2020;35,6;11:25:10
6;9;2020;35,5;12:25:37
7;9;2020;36,9;15:46:37
7;9;2020;37,4;10:36:06
7;9;2020;36,2;17:51:48
7;9;2020;36,5;11:14:46
7;9;2020;36,2;10:26:56
7;9;2020;37,4;10:50:49
7;9;2020;36,9;17:57:16
7;9;2020;38;13:52:01
7;9;2020;37,3;07:36:13
7;9;2020;37,8;14:23:05
7;9;2020;36,2;17:36:46
7;9;2020;37,5;07:50:23
7;9;2020;37,1;17:28:54
7;9;2020;37,1;11:13:48
7;9;2020;37,1;12:18:59
7;9;2020;37;07:23:42
7;9;2020;37;07:32:31
7;9;2020;37;07:39:04
7;9;2020;37;08:28:30
7;9;2020;37;15:48:01
7;9;2020;36,9;10:28:47
7;9;2020;36,8;12:31:32
7;9;2020;36,5;17:30:37
7;9;2020;36,2;16:58:16
7;9;2020;36,1;16:12:32
7;9;2020;35,9;15:19:31
7;9;2020;35,9;09:39:36
7;9;2020;35,7;07:08:41
7;9;2020;35,6;12:09:34
7;9;2020;35,5;12:28:06
8;9;2020;37,2;14:09:26
8;9;2020;37,4;12:08:42
8;9;2020;36,3;09:10:37
8;9;2020;36,9;13:36:41
8;9;2020;37;12:23:04
8;9;2020;37,8;07:09:38
8;9;2020;36,8;17:48:02
8;9;2020;36,8;11:47:21
8;9;2020;36,8;11:41:24
8;9;2020;36,8;16:26:12
8;9;2020;36,8;17:42:06
8;9;2020;36,6;16:03:16
8;9;2020;36,6;08:28:50
8;9;2020;36,6;17:06:33
8;9;2020;36,4;10:17:07
8;9;2020;36,3;08:52:35
8;9;2020;36,4;11:36:34
8;9;2020;36,2;16:20:29
8;9;2020;35,9;07:15:40
8;9;2020;35,5;12:05:46
8;9;2020;35,5;16:59:44
8;9;2020;35,5;16:23:41
9;9;2020;37,5;07:07:59
9;9;2020;36;13:23:37
9;9;2020;36;07:24:48
9;9;2020;36,1;07:57:01
9;9;2020;36,5;12:23:30
9;9;2020;36,9;14:00:03
9;9;2020;37,1;13:52:24
9;9;2020;37,4;11:59:21
9;9;2020;37,4;17:13:59
9;9;2020;37,6;13:30:29
9;9;2020;37,5;07:00:08
9;9;2020;37,5;13:23:15
9;9;2020;37,4;14:19:26
9;9;2020;37,3;12:24:57
9;9;2020;37,2;17:23:10
9;9;2020;36,2;12:21:40
9;9;2020;37,1;09:12:06
9;9;2020;37;11:46:23
9;9;2020;37;14:47:11
9;9;2020;36,9;11:46:18
9;9;2020;36,8;11:53:43
9;9;2020;36,6;11:00:53
9;9;2020;36,4;08:48:14
9;9;2020;36,2;09:29:03
9;9;2020;36,1;15:57:56
9;9;2020;35,9;13:24:35
9;9;2020;35,8;14:50:10
9;9;2020;35,7;16:25:04
10;9;2020;38,4;15:11:00
10;9;2020;36,3;13:06:14
10;9;2020;37,2;14:08:32
10;9;2020;36,5;07:40:42
10;9;2020;37,1;16:53:28
10;9;2020;36,4;14:53:42
10;9;2020;36,4;07:10:31
10;9;2020;36,6;08:09:18
10;9;2020;37;09:36:43
10;9;2020;37,3;16:53:40
10;9;2020;37;12:19:49
10;9;2020;36,8;15:34:05
10;9;2020;37,3;13:59:07
10;9;2020;37,6;07:52:47
10;9;2020;37,5;11:34:13
10;9;2020;37,5;15:08:13
10;9;2020;37,4;07:55:36
10;9;2020;37,4;09:53:41
10;9;2020;37,2;13:45:24
10;9;2020;37,1;09:06:42
10;9;2020;37,1;07:06:20
10;9;2020;37,1;15:31:53
10;9;2020;36,9;09:02:26
10;9;2020;36,7;12:16:52
10;9;2020;36,7;13:02:34
10;9;2020;36,7;10:45:15
10;9;2020;36,7;08:49:50
10;9;2020;36,6;12:54:42
10;9;2020;36,5;11:56:56
10;9;2020;36,5;17:53:26
10;9;2020;36,5;13:49:57
10;9;2020;36,5;13:57:58
10;9;2020;36,3;14:37:13
10;9;2020;36,2;07:31:51
10;9;2020;36,1;14:47:44
10;9;2020;36;14:59:02
10;9;2020;35,6;16:38:04
10;9;2020;35,6;14:32:59
10;9;2020;35,6;12:48:33
10;9;2020;35,6;10:21:52
11;9;2020;38,4;07:05:05
11;9;2020;38,4;11:38:50
11;9;2020;36,1;12:13:39
11;9;2020;37,2;14:12:54
11;9;2020;36,5;15:57:01
11;9;2020;37,3;17:11:49
11;9;2020;37,1;09:23:34
11;9;2020;36,4;17:13:20
11;9;2020;36,4;12:37:53
11;9;2020;37,5;09:59:43
11;9;2020;37,4;08:18:16
11;9;2020;37,1;09:24:32
11;9;2020;36,8;07:09:05
11;9;2020;36,6;16:22:33
11;9;2020;36,6;09:19:10
11;9;2020;36,5;09:37:53
11;9;2020;36,2;14:10:50
11;9;2020;36,2;14:58:52
11;9;2020;36,2;17:02:32
11;9;2020;36,2;11:26:04
11;9;2020;36,1;16:44:50
11;9;2020;36;13:40:41
11;9;2020;35,7;11:26:29
11;9;2020;35,6;15:04:48
11;9;2020;35,5;08:06:24
11;9;2020;35,5;17:19:06
11;9;2020;35,5;16:56:12
11;9;2020;35,5;17:44:14
12;9;2020;38,3;07:29:37
12;9;2020;38,3;15:42:32
12;9;2020;36,7;09:38:39
12;9;2020;36,1;07:23:17
12;9;2020;37,3;13:37:39
12;9;2020;37,1;10:53:29
12;9;2020;37,7;12:48:00
12;9;2020;37,5;08:40:20
12;9;2020;37,3;09:39:57
12;9;2020;37,2;09:21:55
12;9;2020;37,2;15:48:33
12;9;2020;37,1;14:52:54
12;9;2020;36,9;14:43:36
12;9;2020;36,9;09:56:11
12;9;2020;36,7;07:45:52
12;9;2020;36,4;15:58:52
12;9;2020;36,3;07:39:27
12;9;2020;36,3;16:43:22
12;9;2020;36,3;12:20:01
12;9;2020;36,1;10:38:53
12;9;2020;36;11:29:51
12;9;2020;35,8;10:47:25
12;9;2020;35,7;08:38:14
12;9;2020;35,7;10:57:45
12;9;2020;35,6;07:42:52
12;9;2020;35,6;14:03:36
12;9;2020;35,6;15:53:43
12;9;2020;35,5;15:34:46
13;9;2020;38,3;11:43:41
13;9;2020;38,1;12:02:51
13;9;2020;38,1;08:22:35
13;9;2020;36,4;12:26:04
13;9;2020;37;09:42:41
13;9;2020;36,1;14:10:10
13;9;2020;36,4;16:20:27
13;9;2020;37,7;07:01:19
13;9;2020;37,7;16:43:18
13;9;2020;37,4;13:34:09
13;9;2020;37,4;12:20:58
13;9;2020;37,2;13:10:32
13;9;2020;37,2;11:57:25
13;9;2020;37,2;14:17:23
13;9;2020;37,1;17:20:30
13;9;2020;37;14:55:19
13;9;2020;36,8;07:03:29
13;9;2020;36,7;09:59:46
13;9;2020;36,6;17:36:50
13;9;2020;36,6;08:45:46
13;9;2020;36,6;15:43:15
13;9;2020;36,6;13:58:05
13;9;2020;36,5;13:08:18
13;9;2020;36,2;11:00:40
13;9;2020;36,1;12:41:52
13;9;2020;36,1;11:37:00
13;9;2020;36;14:55:53
13;9;2020;35,8;16:35:18
13;9;2020;35,8;13:48:02
13;9;2020;35,8;09:44:02
13;9;2020;35,7;14:13:23
13;9;2020;35,6;07:02:18
13;9;2020;35,5;13:14:34
14;9;2020;36,1;10:46:41
14;9;2020;37,5;10:20:30
14;9;2020;36,5;07:53:31
14;9;2020;36,3;13:19:24
14;9;2020;37;16:46:04
14;9;2020;38,1;13:49:39
14;9;2020;38,1;07:30:30
14;9;2020;38;15:06:06
14;9;2020;36,4;07:32:04
14;9;2020;36,6;11:35:12
14;9;2020;36,4;08:16:39
14;9;2020;36,6;09:06:31
14;9;2020;36,7;11:53:09
14;9;2020;37,5;09:43:20
14;9;2020;37,5;16:25:48
14;9;2020;37,3;14:12:17
14;9;2020;37,3;12:39:58
14;9;2020;37,2;15:11:33
14;9;2020;37,2;12:22:07
14;9;2020;37,2;09:46:41
14;9;2020;37,2;16:42:15
14;9;2020;37,1;08:53:26
14;9;2020;36,7;16:12:12
14;9;2020;36,3;16:40:35
14;9;2020;36,2;10:42:34
14;9;2020;36,1;14:23:36
14;9;2020;36,1;11:08:56
14;9;2020;36,1;09:01:18
14;9;2020;36;16:55:39
14;9;2020;36;16:42:00
14;9;2020;36;07:34:10
14;9;2020;35,9;11:56:48
14;9;2020;35,9;08:19:32
14;9;2020;35,6;13:28:07
15;9;2020;37,1;16:06:57
15;9;2020;37,3;07:25:43
15;9;2020;36;12:03:50
15;9;2020;36,5;09:26:39
15;9;2020;36,1;13:43:43
15;9;2020;36,2;07:18:57
15;9;2020;36,8;08:23:52
15;9;2020;36,6;09:07:46
15;9;2020;37,1;16:02:17
15;9;2020;36,1;12:17:10
15;9;2020;36,9;16:56:00
15;9;2020;36,2;10:38:35
15;9;2020;37,5;09:58:20
15;9;2020;37,5;08:01:23
15;9;2020;37,5;17:59:27
15;9;2020;37,4;12:21:37
15;9;2020;37,2;08:47:44
15;9;2020;37,1;15:22:11
15;9;2020;37;13:50:59
15;9;2020;37;13:24:38
15;9;2020;37;15:57:48
15;9;2020;36,8;16:16:05
15;9;2020;36,8;11:11:30
15;9;2020;36,7;07:23:22
15;9;2020;36,6;17:37:06
15;9;2020;36,4;17:20:56
15;9;2020;36,4;14:17:37
15;9;2020;36;15:56:26
15;9;2020;36;07:33:40
15;9;2020;36;13:58:32
15;9;2020;35,9;10:39:59
15;9;2020;35,7;13:16:52
15;9;2020;35,5;15:31:20
16;9;2020;37;07:40:17
16;9;2020;36,7;16:53:41
16;9;2020;36,9;08:20:24
16;9;2020;37,4;10:23:32
16;9;2020;36,5;09:52:00
16;9;2020;36;14:41:16
16;9;2020;36,5;16:16:33
16;9;2020;37,4;17:55:49
16;9;2020;37,3;15:21:42
16;9;2020;37,1;16:50:54
16;9;2020;36;09:24:38
16;9;2020;36,9;10:28:12
16;9;2020;37,5;07:25:50
16;9;2020;37,5;08:23:42
16;9;2020;37,5;14:39:55
16;9;2020;37,1;17:04:33
16;9;2020;36,7;08:05:13
16;9;2020;36,7;15:48:30
16;9;2020;36,7;07:05:59
16;9;2020;36,7;08:02:20
16;9;2020;36,7;10:23:39
16;9;2020;36,7;07:00:58
16;9;2020;36,5;08:55:17
16;9;2020;36,2;13:31:44
16;9;2020;36,2;12:59:16
16;9;2020;36;13:19:01
16;9;2020;36;10:37:09
16;9;2020;36;14:05:42
16;9;2020;35,8;17:34:14
16;9;2020;35,7;14:48:05
16;9;2020;35,6;12:04:38
17;9;2020;36,7;16:54:53
17;9;2020;37,1;12:26:04
17;9;2020;37,5;16:30:17
17;9;2020;36,2;10:24:28
17;9;2020;36,9;11:42:48
17;9;2020;37;10:10:16
17;9;2020;36,3;09:49:24
17;9;2020;36,2;07:59:27
17;9;2020;37,3;11:16:44
17;9;2020;37,5;15:52:08
17;9;2020;37,4;17:05:37
17;9;2020;37,3;14:41:35
17;9;2020;37,3;10:58:54
17;9;2020;37;10:31:06
17;9;2020;36,8;17:34:03
17;9;2020;36,7;12:31:52
17;9;2020;36,6;16:06:39
17;9;2020;36,6;10:25:49
17;9;2020;36,5;16:33:32
17;9;2020;36,5;16:34:24
17;9;2020;36,3;13:18:58
17;9;2020;36,3;07:34:28
17;9;2020;36,2;11:26:07
17;9;2020;35,7;08:06:00
17;9;2020;35,5;10:41:54
18;9;2020;36,7;07:56:43
18;9;2020;36,2;17:01:40
18;9;2020;37,3;11:21:46
18;9;2020;36,9;10:20:58
18;9;2020;36,7;08:05:45
18;9;2020;36,8;09:17:39
18;9;2020;37,3;13:50:40
18;9;2020;36,7;14:07:51
18;9;2020;37,5;16:01:48
18;9;2020;37,4;11:55:35
18;9;2020;37,4;17:46:19
18;9;2020;37,5;14:07:46
18;9;2020;37,2;13:24:43
18;9;2020;37,1;10:02:09
18;9;2020;37,1;14:10:29
18;9;2020;37;11:20:21
18;9;2020;37;12:02:18
18;9;2020;37;07:52:34
18;9;2020;36,9;09:48:11
18;9;2020;36,5;13:49:22
18;9;2020;36,5;17:19:10
18;9;2020;36,5;08:13:12
18;9;2020;36,3;09:54:31
18;9;2020;36,9;15:16:51
18;9;2020;36;09:28:49
18;9;2020;36;10:17:54
18;9;2020;36;12:00:48
18;9;2020;35,9;11:31:27
18;9;2020;35,7;07:03:48
19;9;2020;37,1;12:13:08
19;9;2020;36,8;16:40:24
19;9;2020;36,1;17:35:30
19;9;2020;37,3;07:37:46
19;9;2020;37;14:21:58
19;9;2020;36,6;11:54:11
19;9;2020;36,2;07:27:47
19;9;2020;36,9;17:34:50
19;9;2020;36,4;09:37:28
19;9;2020;37,3;10:28:01
19;9;2020;37,2;08:20:18
19;9;2020;37,2;11:05:32
19;9;2020;37,2;11:14:03
19;9;2020;37,2;07:16:50
19;9;2020;37,2;15:17:24
19;9;2020;37,2;12:16:40
19;9;2020;36,7;07:24:12
19;9;2020;36,7;14:20:13
19;9;2020;36,7;15:15:23
19;9;2020;36,6;12:07:01
19;9;2020;36,6;17:51:47
19;9;2020;36,5;12:41:21
19;9;2020;36,1;15:32:43
19;9;2020;35,9;11:04:03
19;9;2020;35,7;11:57:33
19;9;2020;35,7;13:34:10
19;9;2020;35,7;14:54:17
19;9;2020;35,5;08:16:43
20;9;2020;36;13:25:50
20;9;2020;36;08:16:07
20;9;2020;36,5;12:54:25
20;9;2020;36,8;08:16:41
20;9;2020;36,1;13:45:25
20;9;2020;36;15:51:16
20;9;2020;36,3;11:20:04
20;9;2020;36;14:18:49
20;9;2020;36,3;11:43:19
20;9;2020;36,2;17:19:08
20;9;2020;36,9;07:11:34
20;9;2020;37;16:20:40
20;9;2020;36,4;12:11:44
20;9;2020;36,3;13:33:27
20;9;2020;37,4;11:42:16
20;9;2020;37,4;08:57:04
20;9;2020;37,4;12:24:04
20;9;2020;37,2;13:48:14
20;9;2020;37;12:24:00
20;9;2020;37;07:50:38
20;9;2020;37;10:48:29
20;9;2020;36,9;15:28:23
20;9;2020;36,9;11:33:56
20;9;2020;36,8;10:54:50
20;9;2020;36,8;16:08:21
20;9;2020;36,2;17:00:00
20;9;2020;36,2;17:53:27
20;9;2020;36,1;14:51:50
20;9;2020;36,1;17:55:00
20;9;2020;36,1;14:39:54
20;9;2020;36;14:53:08
20;9;2020;35,9;16:49:15
20;9;2020;35,9;15:24:29
20;9;2020;35,8;11:05:10
20;9;2020;35,7;14:31:26
20;9;2020;35,5;11:20:06
20;9;2020;35,5;17:25:09
21;9;2020;37,2;08:57:56
21;9;2020;36,1;12:22:09
21;9;2020;37,4;17:36:16
21;9;2020;36,3;09:09:09
21;9;2020;36,7;13:48:10
21;9;2020;36,4;08:10:16
21;9;2020;36,6;14:53:10
21;9;2020;37,5;08:52:09
21;9;2020;37,4;07:32:23
21;9;2020;37,3;16:29:17
21;9;2020;37,3;10:30:57
21;9;2020;37,3;10:54:58
21;9;2020;37,1;09:03:16
21;9;2020;37,1;08:13:57
21;9;2020;37;10:41:35
21;9;2020;36,9;14:27:12
21;9;2020;36,8;11:57:00
21;9;2020;36,4;14:35:00
21;9;2020;36,3;17:44:46
21;9;2020;36,3;07:44:07
21;9;2020;36,2;12:18:08
21;9;2020;36,1;12:27:43
21;9;2020;35,9;08:04:21
21;9;2020;35,6;12:50:25
21;9;2020;35,6;07:29:42
22;9;2020;37,1;09:10:23
22;9;2020;37,3;13:15:56
22;9;2020;36;08:22:07
22;9;2020;37,4;15:17:32
22;9;2020;37,2;08:34:38
22;9;2020;36,1;15:48:40
22;9;2020;37,3;12:50:17
22;9;2020;37,3;11:14:30
22;9;2020;37,2;10:35:43
22;9;2020;37,1;13:58:08
22;9;2020;37,1;11:36:22
22;9;2020;37,1;16:58:57
22;9;2020;37;14:36:14
22;9;2020;37;11:11:54
22;9;2020;36,9;07:08:33
22;9;2020;36,9;13:35:39
22;9;2020;36,8;17:38:52
22;9;2020;36,8;16:32:18
22;9;2020;36,7;13:48:01
22;9;2020;36,7;16:55:27
22;9;2020;36,6;09:08:31
22;9;2020;36,4;16:24:39
22;9;2020;36,2;14:01:16
22;9;2020;36;10:50:23
22;9;2020;35,8;15:31:40
22;9;2020;35,7;12:52:36
22;9;2020;35,6;12:33:10
22;9;2020;35,5;13:51:14
23;9;2020;37;17:22:55
23;9;2020;37;16:29:17
23;9;2020;37,4;10:50:49
23;9;2020;36,8;15:24:09
23;9;2020;37,2;14:28:17
23;9;2020;37,2;17:15:10
23;9;2020;37,1;12:26:07
23;9;2020;37,1;14:33:36
23;9;2020;37,1;12:10:38
23;9;2020;37;09:17:22
23;9;2020;37;11:04:55
23;9;2020;36,6;15:17:14
23;9;2020;36,6;08:00:17
23;9;2020;36,6;13:01:56
23;9;2020;35,9;08:30:31
23;9;2020;35,8;17:59:51
23;9;2020;35,8;17:03:52
23;9;2020;35,8;17:53:39
23;9;2020;35,8;15:35:38
23;9;2020;35,7;11:49:53
23;9;2020;35,7;16:40:17
24;9;2020;37,1;09:31:03
24;9;2020;36,8;13:11:38
24;9;2020;37;16:26:35
24;9;2020;37,2;14:20:40
24;9;2020;36,7;07:41:15
24;9;2020;36,9;10:12:32
24;9;2020;37,4;11:54:12
24;9;2020;36,9;15:26:17
24;9;2020;37,2;14:43:02
24;9;2020;37,2;13:35:57
24;9;2020;37,1;16:32:37
24;9;2020;37,1;15:30:03
24;9;2020;37,1;12:29:03
24;9;2020;37;14:17:36
24;9;2020;37;07:29:42
24;9;2020;36,8;08:29:13
24;9;2020;36,7;12:19:39
24;9;2020;36,4;14:30:35
24;9;2020;36,4;17:32:44
24;9;2020;36,2;17:22:01
24;9;2020;36,1;11:36:50
24;9;2020;36;16:55:27
24;9;2020;35,9;16:33:33
25;9;2020;36,6;11:01:16
25;9;2020;36,8;17:35:53
25;9;2020;36,7;09:36:14
25;9;2020;36;07:12:27
25;9;2020;36,9;14:52:00
25;9;2020;36,3;14:13:07
25;9;2020;36,3;11:37:49
25;9;2020;37,4;17:09:43
25;9;2020;36,6;14:24:07
25;9;2020;36,4;12:04:27
25;9;2020;37,4;14:52:18
25;9;2020;37,4;08:38:19
25;9;2020;37,2;08:01:18
25;9;2020;37,2;08:28:38
25;9;2020;37,1;17:16:13
25;9;2020;37,1;11:34:32
25;9;2020;36,9;07:01:47
25;9;2020;36,9;11:33:16
25;9;2020;36,7;12:06:57
25;9;2020;36,7;11:34:32
25;9;2020;36,7;13:28:08
25;9;2020;36,5;11:49:50
25;9;2020;36,5;12:05:37
25;9;2020;36,2;12:32:47
25;9;2020;36,1;07:08:55
25;9;2020;36;16:38:00
25;9;2020;36;09:11:40
25;9;2020;35,8;12:06:13
25;9;2020;35,8;16:18:23
25;9;2020;35,7;16:31:58
25;9;2020;35,7;11:46:37
25;9;2020;35,6;12:33:06
25;9;2020;35,6;07:41:53
26;9;2020;36,1;07:24:13
26;9;2020;37,3;15:43:14
26;9;2020;36,8;12:15:17
26;9;2020;36,4;17:26:27
26;9;2020;36,3;08:44:58
26;9;2020;37;16:21:03
26;9;2020;36,6;17:59:33
26;9;2020;37,1;11:19:02
26;9;2020;36;16:44:52
26;9;2020;37,4;14:33:11
26;9;2020;37,3;08:25:34
26;9;2020;37,3;13:56:30
26;9;2020;37,2;11:02:57
26;9;2020;37,2;12:08:51
26;9;2020;37,1;08:40:46
26;9;2020;37;08:40:58
26;9;2020;37;13:47:41
26;9;2020;37;13:00:59
26;9;2020;36,9;07:22:06
26;9;2020;36,7;17:32:26
26;9;2020;37,1;14:13:29
26;9;2020;36,5;11:00:39
26;9;2020;36,4;09:02:09
26;9;2020;36,4;07:56:23
26;9;2020;36,3;08:03:22
26;9;2020;36,3;10:23:07
26;9;2020;36,2;09:25:42
26;9;2020;36,1;12:45:41
26;9;2020;36,1;10:10:24
26;9;2020;35,9;08:43:16
26;9;2020;35,9;16:15:00
26;9;2020;35,9;17:31:43
26;9;2020;35,9;15:05:37
26;9;2020;35,7;16:55:52
26;9;2020;35,6;07:26:13
26;9;2020;35,6;14:17:12
27;9;2020;36,2;16:20:30
27;9;2020;36;11:40:57
27;9;2020;37,3;17:25:13
27;9;2020;36,1;11:02:26
27;9;2020;37;11:51:56
27;9;2020;36,4;13:50:48
27;9;2020;37,5;17:27:27
27;9;2020;37,3;14:22:48
27;9;2020;37,1;15:03:12
27;9;2020;37;08:10:50
27;9;2020;37;10:13:02
27;9;2020;36,9;16:56:22
27;9;2020;36,8;07:31:13
27;9;2020;36,7;13:48:16
27;9;2020;36,6;10:32:50
27;9;2020;36,6;15:32:37
27;9;2020;36,6;11:02:32
27;9;2020;36;16:59:20
27;9;2020;36;07:07:53
27;9;2020;35,9;07:24:24
27;9;2020;35,9;13:06:45
27;9;2020;35,8;07:32:13
27;9;2020;35,6;12:52:25
27;9;2020;35,5;12:55:39
28;9;2020;36,5;16:33:37
28;9;2020;37,1;09:54:39
28;9;2020;36,5;11:58:22
28;9;2020;36,2;16:19:36
28;9;2020;36,6;14:29:35
28;9;2020;37;14:03:39
28;9;2020;36,6;13:05:28
28;9;2020;36,9;16:14:43
28;9;2020;37,5;13:16:36
28;9;2020;37,4;15:36:29
28;9;2020;37,2;15:44:17
28;9;2020;37;12:59:51
28;9;2020;36,7;11:07:30
28;9;2020;36,5;10:24:12
28;9;2020;36,5;10:47:10
28;9;2020;36,5;08:31:47
28;9;2020;36,5;08:19:53
28;9;2020;36,3;13:56:50
28;9;2020;36,2;12:55:31
28;9;2020;36,1;08:11:45
28;9;2020;36;14:37:55
28;9;2020;35,9;17:06:09
28;9;2020;35,6;11:30:47
28;9;2020;35,6;16:41:33
28;9;2020;35,5;08:29:05
29;9;2020;38,5;17:23:19
29;9;2020;38,4;14:30:38
29;9;2020;37,1;14:32:38
29;9;2020;36;09:10:57
29;9;2020;37,2;15:07:32
29;9;2020;36,1;16:41:05
29;9;2020;37,5;12:41:30
29;9;2020;37,6;08:40:45
29;9;2020;37,4;08:32:48
29;9;2020;37,3;12:10:17
29;9;2020;37;08:58:55
29;9;2020;37;13:20:29
29;9;2020;36,9;12:09:15
29;9;2020;36,8;14:00:09
29;9;2020;36,7;08:46:07
29;9;2020;37,1;17:35:48
29;9;2020;36,5;07:01:45
29;9;2020;36,5;14:29:10
29;9;2020;36,4;14:02:53
29;9;2020;36,4;16:53:22
29;9;2020;36,3;08:37:09
29;9;2020;36,3;13:13:42
29;9;2020;35,9;11:33:18
29;9;2020;35,9;14:02:00
29;9;2020;35,8;14:05:42
29;9;2020;35,8;09:20:59
29;9;2020;35,7;13:40:24
29;9;2020;35,7;12:16:25
29;9;2020;35,6;13:26:18
29;9;2020;35,5;13:18:37
1;10;2020;38,5;08:46:54
1;10;2020;38,2;15:23:09
1;10;2020;37,4;17:24:01
1;10;2020;38;16:40:33
1;10;2020;36,4;10:13:29
1;10;2020;36,7;16:28:32
1;10;2020;36,1;13:46:29
1;10;2020;36,1;16:05:37
1;10;2020;37,3;15:20:19
1;10;2020;37,5;15:41:02
1;10;2020;37,4;07:57:53
1;10;2020;37,3;09:12:42
1;10;2020;37,2;17:28:24
1;10;2020;37,1;16:24:08
1;10;2020;36,9;17:21:28
1;10;2020;36,7;08:08:14
1;10;2020;36,7;16:45:17
1;10;2020;36,6;07:34:17
1;10;2020;36,6;14:22:45
1;10;2020;36,3;08:58:34
1;10;2020;36,3;14:18:45
1;10;2020;36,2;14:35:28
1;10;2020;36,2;17:21:01
1;10;2020;36;13:46:31
1;10;2020;35,9;08:11:21
1;10;2020;35,8;11:41:27
1;10;2020;35,8;14:38:03
1;10;2020;35,8;10:56:27
1;10;2020;35,8;13:03:32
1;10;2020;35,8;11:51:45
2;10;2020;36,5;15:46:32
2;10;2020;37;11:38:05
2;10;2020;37,5;09:45:17
2;10;2020;36,8;14:01:57
2;10;2020;36,4;13:18:47
2;10;2020;37,4;15:12:41
2;10;2020;36,5;09:08:04
2;10;2020;36,3;13:45:47
2;10;2020;37,5;08:20:16
2;10;2020;37,2;09:31:45
2;10;2020;37,1;17:19:59
2;10;2020;37,1;15:38:46
2;10;2020;36,9;13:32:51
2;10;2020;36,9;07:13:20
2;10;2020;36,9;12:31:58
2;10;2020;36,7;12:05:45
2;10;2020;36,6;12:29:26
2;10;2020;36,6;17:01:48
2;10;2020;36,6;08:33:39
2;10;2020;36,5;10:02:18
2;10;2020;36,3;12:31:10
2;10;2020;36,3;17:47:18
2;10;2020;36,2;07:31:19
2;10;2020;36,1;13:23:58
2;10;2020;36,1;15:34:51
2;10;2020;36;07:30:34
2;10;2020;36;10:57:27
2;10;2020;36;10:34:01
2;10;2020;36;15:59:39
2;10;2020;36;11:21:10
2;10;2020;35,9;12:48:39
2;10;2020;35,7;13:27:50
2;10;2020;35,6;17:58:05
2;10;2020;35,5;16:56:28
3;10;2020;36,4;15:40:15
3;10;2020;37,5;13:03:47
3;10;2020;36,7;10:35:13
3;10;2020;36,9;12:17:43
3;10;2020;36,6;16:10:05
3;10;2020;36,2;15:37:09
3;10;2020;36;09:06:36
3;10;2020;36,5;09:33:56
3;10;2020;37,5;13:39:33
3;10;2020;37,4;11:39:19
3;10;2020;37,4;15:50:34
3;10;2020;37,4;11:33:04
3;10;2020;36,9;15:45:44
3;10;2020;36,8;17:41:29
3;10;2020;36,7;15:04:10
3;10;2020;36,7;15:23:47
3;10;2020;36,6;15:08:08
3;10;2020;36,6;08:24:37
3;10;2020;36,6;07:14:21
3;10;2020;36,6;12:27:53
3;10;2020;36,5;12:43:40
3;10;2020;36,5;11:09:06
3;10;2020;36,4;13:54:48
3;10;2020;36,3;16:46:28
3;10;2020;36,3;16:33:09
3;10;2020;36;16:02:34
3;10;2020;36;17:11:42
3;10;2020;35,9;12:12:43
3;10;2020;35,8;15:33:38
3;10;2020;35,8;10:33:48
3;10;2020;35,6;14:29:06
4;10;2020;36,2;13:35:23
4;10;2020;36,3;17:56:00
4;10;2020;38,3;11:46:23
4;10;2020;37,3;16:41:12
4;10;2020;38,3;11:16:43
4;10;2020;38,2;10:56:36
4;10;2020;38,2;13:39:50
4;10;2020;36,7;14:02:59
4;10;2020;37,3;16:12:08
4;10;2020;36,6;12:11:12
4;10;2020;36,1;14:52:03
4;10;2020;36,1;16:35:29
4;10;2020;36;14:30:01
4;10;2020;36,1;13:58:23
4;10;2020;36,7;09:04:26
4;10;2020;36,6;13:53:44
4;10;2020;37,1;12:14:38
4;10;2020;37,5;12:43:47
4;10;2020;37,4;11:17:46
4;10;2020;37,4;17:16:14
4;10;2020;37,2;08:46:27
4;10;2020;37,2;13:18:24
4;10;2020;37,1;13:38:39
4;10;2020;37,1;10:28:38
4;10;2020;36,9;17:38:38
4;10;2020;36,9;10:04:36
4;10;2020;36,8;10:36:07
4;10;2020;36,8;09:04:24
4;10;2020;37,3;13:40:06
4;10;2020;36,3;13:31:56
4;10;2020;36,3;17:12:24
4;10;2020;36;12:13:47
4;10;2020;36;14:06:17
4;10;2020;35,9;13:42:21
4;10;2020;35,9;17:53:53
4;10;2020;35,9;10:01:54
4;10;2020;35,8;07:00:22
4;10;2020;35,8;13:59:43
4;10;2020;35,7;10:28:48
4;10;2020;35,6;17:43:16
4;10;2020;35,5;07:57:22
5;10;2020;37;08:27:49
5;10;2020;37,3;11:46:22
5;10;2020;37,4;07:25:11
5;10;2020;37,5;12:58:10
5;10;2020;36,7;15:32:54
5;10;2020;37,2;13:11:07
5;10;2020;36,5;11:15:01
5;10;2020;37,6;17:08:01
5;10;2020;37,5;17:55:15
5;10;2020;37,4;09:57:33
5;10;2020;37,3;16:45:47
5;10;2020;36,9;16:02:15
5;10;2020;37,3;11:32:55
5;10;2020;36,8;12:21:22
5;10;2020;36,7;08:56:31
5;10;2020;36,7;09:20:02
5;10;2020;36,6;15:02:12
5;10;2020;36,6;10:00:34
5;10;2020;36,4;17:23:14
5;10;2020;36,1;07:23:01
5;10;2020;36;13:31:58
5;10;2020;35,9;14:45:52
5;10;2020;35,8;12:36:53
5;10;2020;35,7;10:39:57
5;10;2020;35,7;13:11:32
5;10;2020;35,6;09:56:57
5;10;2020;35,6;17:19:01
5;10;2020;35,5;14:04:44
5;10;2020;35,5;11:22:40
5;10;2020;35,5;15:03:27
6;10;2020;36,5;14:20:47
6;10;2020;37,9;08:24:42
6;10;2020;37,8;16:21:44
6;10;2020;37,1;08:44:46
6;10;2020;37,7;15:39:45
6;10;2020;37,6;11:18:22
6;10;2020;36;13:50:37
6;10;2020;37,5;10:25:20
6;10;2020;37,4;14:51:08
6;10;2020;37,3;16:54:43
6;10;2020;37,2;13:26:18
6;10;2020;37,1;11:18:10
6;10;2020;37;16:42:43
6;10;2020;37;16:07:30
6;10;2020;36,9;09:21:02
6;10;2020;36,8;14:54:00
6;10;2020;36,5;16:56:12
6;10;2020;36,5;11:30:41
6;10;2020;36,4;15:27:56
6;10;2020;36,4;10:04:15
6;10;2020;36,1;16:32:48
6;10;2020;35,9;10:03:47
6;10;2020;35,7;09:22:02
6;10;2020;35,5;12:18:03
7;10;2020;38,4;12:53:29
7;10;2020;38,2;12:39:38
7;10;2020;37,1;17:42:31
7;10;2020;36;07:27:17
7;10;2020;38,1;16:44:58
7;10;2020;36,6;08:12:09
7;10;2020;37;08:00:05
7;10;2020;37,3;15:52:54
7;10;2020;37,5;08:39:13
7;10;2020;36,8;17:25:08
7;10;2020;37,3;10:42:28
7;10;2020;37,1;08:07:56
7;10;2020;37;11:31:33
7;10;2020;37;08:59:32
7;10;2020;36,8;12:03:22
7;10;2020;36,8;13:38:50
7;10;2020;36,7;10:53:08
7;10;2020;36,5;13:32:22
7;10;2020;36,3;15:22:52
7;10;2020;36;11:52:53
7;10;2020;35,9;15:45:08
7;10;2020;35,7;07:15:49
8;10;2020;36,3;15:29:58
8;10;2020;36,8;08:37:46
8;10;2020;37;10:48:30
8;10;2020;36,9;09:02:37
8;10;2020;36,7;10:47:23
8;10;2020;36,8;10:06:45
8;10;2020;36;09:21:39
8;10;2020;37,4;09:05:39
8;10;2020;37,4;15:22:47
8;10;2020;37,2;17:57:32
8;10;2020;37;12:28:13
8;10;2020;36,7;16:50:49
8;10;2020;36,6;16:31:04
8;10;2020;36,6;12:58:08
8;10;2020;36,5;11:58:07
8;10;2020;36,3;17:47:22
8;10;2020;36,2;16:48:22
8;10;2020;36,1;11:54:00
8;10;2020;36,1;08:36:25
8;10;2020;36;16:22:13
8;10;2020;35,9;10:56:55
8;10;2020;35,9;14:09:19
8;10;2020;35,8;15:04:21
8;10;2020;35,7;13:07:11
8;10;2020;35,7;08:12:30
8;10;2020;35,6;09:55:12
8;10;2020;35,6;15:16:51
8;10;2020;35,5;09:26:57
9;10;2020;37,4;07:46:43
9;10;2020;37,3;11:33:59
9;10;2020;36,2;10:20:46
9;10;2020;36,3;08:24:28
9;10;2020;36,5;17:58:20
9;10;2020;36,4;12:09:59
9;10;2020;37,5;08:55:17
9;10;2020;37,5;14:28:56
9;10;2020;37,2;08:33:47
9;10;2020;37;16:24:47
9;10;2020;37;17:53:16
9;10;2020;36,9;11:24:01
9;10;2020;36,9;16:31:41
9;10;2020;36,8;11:32:15
9;10;2020;36,8;14:21:42
9;10;2020;36,8;17:40:51
9;10;2020;36,7;13:42:31
9;10;2020;36,6;13:20:14
9;10;2020;36,6;17:16:23
9;10;2020;36,4;16:32:41
9;10;2020;36,3;12:11:14
9;10;2020;36;16:45:10
9;10;2020;35,9;10:26:50
9;10;2020;35,8;14:01:38
9;10;2020;35,7;16:06:42
9;10;2020;35,7;10:09:00
9;10;2020;35,6;12:06:40
9;10;2020;35,5;13:50:31
9;10;2020;35,5;16:52:57
9;10;2020;35,5;16:34:25
9;10;2020;35,5;10:56:28
10;10;2020;36;16:03:49
10;10;2020;36,9;17:48:42
10;10;2020;37,5;17:22:13
10;10;2020;37,4;10:39:37
10;10;2020;37,4;12:13:18
10;10;2020;37,3;17:16:53
10;10;2020;37,1;16:30:22
10;10;2020;37,1;07:21:36
10;10;2020;37,1;16:04:29
10;10;2020;37;10:36:37
10;10;2020;36,9;11:54:17
10;10;2020;36,9;09:15:38
10;10;2020;36,8;09:50:34
10;10;2020;36,8;10:32:56
10;10;2020;36,6;08:00:27
10;10;2020;36,5;13:43:54
10;10;2020;36,4;08:51:16
10;10;2020;36,4;15:21:31
10;10;2020;36,3;12:45:33
10;10;2020;36,1;07:20:11
10;10;2020;36,1;12:02:21
10;10;2020;35,8;08:53:06
10;10;2020;35,8;07:39:21
10;10;2020;35,8;13:53:54
10;10;2020;35,6;12:13:53
10;10;2020;35,5;12:02:27
11;10;2020;36;14:27:13
11;10;2020;37,3;16:30:41
11;10;2020;37,4;09:02:20
11;10;2020;36,9;08:29:03
11;10;2020;36,9;10:40:00
11;10;2020;37,1;12:22:34
11;10;2020;37,4;16:26:18
11;10;2020;37,4;07:50:50
11;10;2020;37,3;17:18:34
11;10;2020;37,2;08:09:34
11;10;2020;37;10:31:39
11;10;2020;36,9;12:55:07
11;10;2020;36,8;16:00:21
11;10;2020;36,7;08:20:02
11;10;2020;36,7;17:54:11
11;10;2020;36;14:21:57
11;10;2020;35,9;10:55:34
11;10;2020;35,8;17:57:02
11;10;2020;35,5;13:38:39
12;10;2020;36;17:55:49
12;10;2020;36,5;11:22:20
12;10;2020;36,9;09:51:05
12;10;2020;37,3;12:49:33
12;10;2020;37;15:21:23
12;10;2020;38,1;08:30:14
12;10;2020;38;16:26:21
12;10;2020;38;14:01:43
12;10;2020;37,2;17:08:51
12;10;2020;36,2;11:01:17
12;10;2020;36,9;17:20:18
12;10;2020;37,1;17:17:35
12;10;2020;37,6;13:36:32
12;10;2020;37,5;15:11:50
12;10;2020;36;12:14:34
12;10;2020;37,4;11:25:40
12;10;2020;37,3;08:02:18
12;10;2020;37,1;17:48:34
12;10;2020;37;17:02:39
12;10;2020;37;17:11:48
12;10;2020;36,8;15:10:32
12;10;2020;36,4;16:40:50
12;10;2020;36,5;16:47:37
12;10;2020;36,4;07:22:19
12;10;2020;36,3;13:57:53
12;10;2020;36,3;17:33:39
12;10;2020;36,2;08:11:26
12;10;2020;36,1;16:00:59
12;10;2020;36;09:48:44
12;10;2020;35,9;07:31:28
12;10;2020;35,8;11:55:41
12;10;2020;35,6;15:39:38
13;10;2020;38,4;07:12:07
13;10;2020;38,1;12:46:07
13;10;2020;37,5;12:54:22
13;10;2020;36,4;08:31:29
13;10;2020;36;07:14:42
13;10;2020;36,9;07:56:54
13;10;2020;36,9;15:44:07
13;10;2020;37,4;11:37:36
13;10;2020;37,5;10:22:50
13;10;2020;36,7;12:03:50
13;10;2020;37,3;12:11:52
13;10;2020;37,2;12:44:29
13;10;2020;37;16:01:19
13;10;2020;36,9;13:51:43
13;10;2020;36,7;16:42:07
13;10;2020;36,5;10:49:17
13;10;2020;36,4;08:44:52
13;10;2020;36,3;08:00:34
13;10;2020;36,3;14:21:23
13;10;2020;36,2;07:25:01
13;10;2020;36;08:39:28
13;10;2020;35,8;09:44:28
13;10;2020;35,8;11:23:15
13;10;2020;35,8;10:41:33
13;10;2020;35,7;14:47:44
13;10;2020;35,5;17:34:01
13;10;2020;35,5;11:06:38
14;10;2020;36,4;12:53:38
14;10;2020;36,4;10:37:01
14;10;2020;37,5;07:36:15
14;10;2020;36,5;14:12:57
14;10;2020;36,2;14:52:12
14;10;2020;36,9;11:35:36
14;10;2020;36,7;16:26:26
14;10;2020;36,1;12:35:01
14;10;2020;36,3;08:27:09
14;10;2020;36,9;16:18:57
14;10;2020;36,8;11:03:24
14;10;2020;37,1;14:40:32
14;10;2020;37,3;16:08:05
14;10;2020;37,3;08:14:44
14;10;2020;37,3;11:15:20
14;10;2020;36,8;15:00:20
14;10;2020;36,4;15:49:31
14;10;2020;36,1;10:17:10
14;10;2020;36;13:46:18
14;10;2020;36;14:40:47
14;10;2020;35,7;09:29:47
14;10;2020;35,7;11:34:12
14;10;2020;35,7;09:55:06
14;10;2020;35,6;07:31:54
15;10;2020;38,2;13:17:29
15;10;2020;38,1;07:26:50
15;10;2020;38,1;14:00:32
15;10;2020;38;17:31:48
15;10;2020;36,5;13:45:48
15;10;2020;37,3;17:31:45
15;10;2020;36,5;08:08:35
15;10;2020;36,9;12:36:47
15;10;2020;37,5;16:40:42
15;10;2020;37,5;16:40:10
15;10;2020;37,4;12:11:00
15;10;2020;37,4;12:01:43
15;10;2020;37,3;15:58:24
15;10;2020;37,3;17:38:36
15;10;2020;37,2;12:33:03
15;10;2020;37,2;11:12:57
15;10;2020;37,1;11:04:03
15;10;2020;37,1;09:47:56
15;10;2020;36,9;11:23:05
15;10;2020;36,9;16:10:09
15;10;2020;36,9;11:43:22
15;10;2020;36,9;12:55:17
15;10;2020;36,8;15:02:49
15;10;2020;36,7;12:02:33
15;10;2020;36,7;14:13:10
15;10;2020;36,5;08:05:38
15;10;2020;36,4;10:44:31
15;10;2020;36,4;08:46:32
15;10;2020;36,2;11:51:35
15;10;2020;36,1;15:24:21
15;10;2020;35,8;12:44:49
15;10;2020;35,8;17:49:31
15;10;2020;35,8;12:38:47
15;10;2020;35,7;15:25:43
16;10;2020;36,1;09:49:56
16;10;2020;36,9;08:30:06
16;10;2020;36,8;11:32:58
16;10;2020;37,1;10:37:05
16;10;2020;37,3;16:22:38
16;10;2020;36,8;11:58:16
16;10;2020;36,4;13:29:56
16;10;2020;36,5;17:22:55
16;10;2020;36,4;13:15:06
16;10;2020;36,3;15:51:26
16;10;2020;36,2;10:53:46
16;10;2020;36,1;07:51:26
16;10;2020;36,1;12:33:04
16;10;2020;36,1;07:48:07
16;10;2020;36;07:15:10
16;10;2020;35,9;17:35:26
16;10;2020;35,8;16:15:06
16;10;2020;35,7;08:50:08
16;10;2020;35,6;13:50:09
16;10;2020;35,6;10:01:04
16;10;2020;35,6;07:49:23
16;10;2020;35,6;14:01:56
17;10;2020;36,5;12:41:54
17;10;2020;37,3;12:09:05
17;10;2020;36,3;11:32:01
17;10;2020;36,5;14:15:11
17;10;2020;36,3;08:35:48
17;10;2020;37,7;07:34:29
17;10;2020;37,6;14:50:19
17;10;2020;37,6;11:07:57
17;10;2020;37,4;08:40:10
17;10;2020;37,4;12:31:54
17;10;2020;37,3;11:12:07
17;10;2020;37,2;11:48:00
17;10;2020;37,1;08:27:22
17;10;2020;37;11:46:32
17;10;2020;36,9;11:29:06
17;10;2020;36,5;08:53:33
17;10;2020;36,4;10:20:41
17;10;2020;36,4;12:52:39
17;10;2020;36,2;11:16:28
17;10;2020;36;12:08:09
17;10;2020;36;16:26:48
17;10;2020;35,6;13:09:09
17;10;2020;35,6;08:24:24
17;10;2020;35,6;14:03:59
17;10;2020;35,6;17:10:41
18;10;2020;38,4;13:22:05
18;10;2020;38,4;09:19:31
18;10;2020;36,9;15:21:03
18;10;2020;38,1;14:19:24
18;10;2020;37,2;15:03:18
18;10;2020;36,7;15:05:06
18;10;2020;37,4;08:06:43
18;10;2020;36,8;08:20:43
18;10;2020;36,9;13:38:49
18;10;2020;36,5;14:07:37
18;10;2020;36,6;16:45:04
18;10;2020;36,1;14:41:31
18;10;2020;37,4;17:42:06
18;10;2020;37,4;17:52:15
18;10;2020;37,1;14:00:07
18;10;2020;36,9;17:16:01
18;10;2020;36,9;15:33:28
18;10;2020;36,6;07:40:27
18;10;2020;36,3;17:47:23
18;10;2020;36,3;14:05:27
18;10;2020;36,6;12:51:42
18;10;2020;36,2;10:10:32
18;10;2020;36,2;09:52:47
18;10;2020;36,1;10:21:09
18;10;2020;36,1;07:15:58
18;10;2020;36;13:30:24
18;10;2020;36;16:24:47
18;10;2020;36;11:03:37
18;10;2020;36;08:49:19
18;10;2020;35,9;08:46:29
18;10;2020;35,8;11:32:59
18;10;2020;35,7;16:40:27
18;10;2020;35,6;16:07:10
18;10;2020;35,6;08:43:26
18;10;2020;35,5;12:56:50
18;10;2020;35,5;11:24:55
19;10;2020;36;14:33:43
19;10;2020;37,2;17:54:06
19;10;2020;36,1;08:02:01
19;10;2020;37,5;17:34:20
19;10;2020;36,5;17:01:04
19;10;2020;37;12:59:33
19;10;2020;37;11:20:15
19;10;2020;36,9;10:21:11
19;10;2020;37,5;12:07:02
19;10;2020;37,5;11:58:15
19;10;2020;37,3;16:10:47
19;10;2020;37,3;07:59:13
19;10;2020;37,1;14:26:55
19;10;2020;37,1;12:35:31
19;10;2020;37;07:26:25
19;10;2020;37;07:32:16
19;10;2020;36,9;13:27:28
19;10;2020;36,5;07:02:29
19;10;2020;36,5;17:54:44
19;10;2020;36,4;12:09:24
19;10;2020;36,4;15:01:51
19;10;2020;36,7;07:47:34
19;10;2020;36,2;15:46:12
19;10;2020;36;14:05:57
19;10;2020;35,9;10:45:26
19;10;2020;35,8;12:20:50
19;10;2020;35,8;12:08:36
19;10;2020;35,7;12:39:00
19;10;2020;35,5;07:30:04
20;10;2020;37,1;09:36:19
20;10;2020;37;08:45:26
20;10;2020;37,5;08:20:56
20;10;2020;37;16:07:27
20;10;2020;37,1;09:05:32
20;10;2020;36,3;08:22:09
20;10;2020;36,5;10:21:12
20;10;2020;36,1;13:46:03
20;10;2020;37,3;10:04:10
20;10;2020;36,4;16:49:07
20;10;2020;37,5;10:27:11
20;10;2020;37,5;07:05:45
20;10;2020;37,5;12:20:19
20;10;2020;37,4;17:52:20
20;10;2020;37,4;10:02:41
20;10;2020;37,1;12:25:53
20;10;2020;37;14:15:03
20;10;2020;37;09:02:11
20;10;2020;37;12:43:14
20;10;2020;36,8;10:30:48
20;10;2020;36,7;07:17:49
20;10;2020;36,7;08:13:46
20;10;2020;36,6;17:19:56
20;10;2020;36,6;10:39:28
20;10;2020;36,5;08:02:30
20;10;2020;36,1;14:54:12
20;10;2020;36;07:24:54
20;10;2020;35,8;09:12:05
20;10;2020;35,8;12:52:44
20;10;2020;35,7;17:27:35
20;10;2020;35,5;14:45:01
20;10;2020;35,5;09:25:05
21;10;2020;36,8;07:52:39
21;10;2020;36,7;11:16:23
21;10;2020;36,8;15:34:30
21;10;2020;36,8;11:55:23
21;10;2020;36,7;13:00:00
21;10;2020;36,3;17:44:23
21;10;2020;37,5;17:35:24
21;10;2020;37,5;08:39:30
21;10;2020;37,1;08:05:06
21;10;2020;37,1;10:49:57
21;10;2020;36,9;07:33:07
21;10;2020;36,8;08:52:04
21;10;2020;36,6;15:30:59
21;10;2020;36,5;11:25:04
21;10;2020;36,5;13:09:08
21;10;2020;36,4;17:34:51
21;10;2020;36,2;16:40:00
21;10;2020;36,2;11:01:08
21;10;2020;36;07:26:12
21;10;2020;36;09:26:56
21;10;2020;35,9;13:38:10
21;10;2020;35,8;08:47:29
21;10;2020;35,8;11:21:08
21;10;2020;35,8;15:25:26
21;10;2020;35,7;16:44:29
21;10;2020;35,5;09:54:10
22;10;2020;36,4;16:30:51
22;10;2020;36,1;17:17:39
22;10;2020;38,2;11:19:20
22;10;2020;36,9;13:03:24
22;10;2020;37;17:38:02
22;10;2020;37;12:00:07
22;10;2020;36,6;09:42:08
22;10;2020;37;08:24:13
22;10;2020;37,2;15:48:09
22;10;2020;37,2;10:52:16
22;10;2020;37,2;13:00:54
22;10;2020;37,2;08:58:46
22;10;2020;36,7;15:24:31
22;10;2020;36,7;15:13:53
22;10;2020;36,6;08:08:37
22;10;2020;36,5;08:33:24
22;10;2020;36,3;16:36:37
22;10;2020;36,3;13:28:03
22;10;2020;36,2;16:54:14
22;10;2020;36,2;11:01:59
22;10;2020;36;14:54:43
22;10;2020;36;11:39:59
22;10;2020;35,9;15:10:27
22;10;2020;35,8;07:15:02
22;10;2020;35,8;12:43:20
22;10;2020;35,7;17:25:11
22;10;2020;35,5;17:43:52
23;10;2020;36,7;08:17:40
23;10;2020;36,3;12:17:11
23;10;2020;36,2;15:19:47
23;10;2020;36,3;12:27:13
23;10;2020;36,9;07:39:56
23;10;2020;36,3;07:53:33
23;10;2020;37,5;11:10:07
23;10;2020;36;17:29:16
23;10;2020;37,3;08:12:33
23;10;2020;36,3;13:39:24
23;10;2020;37,5;17:16:48
23;10;2020;37,4;12:59:56
23;10;2020;37,3;14:49:55
23;10;2020;37,2;14:24:07
23;10;2020;37,2;11:36:54
23;10;2020;37,2;11:19:25
23;10;2020;37,2;17:08:25
23;10;2020;37,2;12:27:39
23;10;2020;37,1;07:42:32
23;10;2020;37;12:46:46
23;10;2020;36,8;14:27:57
23;10;2020;36,7;10:27:23
23;10;2020;36,5;10:25:57
23;10;2020;36,5;13:06:23
23;10;2020;36,4;11:32:50
23;10;2020;36,4;15:58:13
23;10;2020;36,4;09:18:59
23;10;2020;36,1;12:51:45
23;10;2020;35,8;08:24:30
23;10;2020;35,8;14:41:51
23;10;2020;35,8;13:21:51
23;10;2020;35,6;11:10:07
23;10;2020;35,5;10:49:21
24;10;2020;37,3;07:24:37
24;10;2020;37;13:09:52
24;10;2020;37,4;12:43:32
24;10;2020;36,3;15:15:46
24;10;2020;36;10:25:34
24;10;2020;36,7;16:44:58
24;10;2020;37;14:42:14
24;10;2020;36,1;09:54:00
24;10;2020;36,6;15:33:51
24;10;2020;36,3;12:03:35
24;10;2020;37,5;17:14:57
24;10;2020;37,5;11:01:51
24;10;2020;37,2;14:29:43
24;10;2020;37,1;15:55:12
24;10;2020;37,1;11:38:58
24;10;2020;37;17:20:35
24;10;2020;37;12:09:52
24;10;2020;36,9;15:21:07
24;10;2020;36,8;17:40:58
24;10;2020;36,8;14:43:06
24;10;2020;36,7;15:16:27
24;10;2020;36,6;08:20:32
24;10;2020;36,6;08:29:18
24;10;2020;36,1;13:17:59
24;10;2020;36;08:47:45
24;10;2020;36;07:32:20
24;10;2020;36;11:24:49
24;10;2020;36;11:22:58
24;10;2020;35,9;12:55:19
25;10;2020;36,4;12:46:11
25;10;2020;36,5;17:49:34
25;10;2020;36,5;16:11:09
25;10;2020;37;08:13:06
25;10;2020;37,3;14:31:46
25;10;2020;37,1;12:09:27
25;10;2020;36,2;08:53:22
25;10;2020;36,2;11:20:02
25;10;2020;37,9;15:57:47
25;10;2020;37,9;15:42:03
25;10;2020;37,8;13:51:52
25;10;2020;36,5;12:03:13
25;10;2020;37,3;14:13:30
25;10;2020;37,3;12:26:22
25;10;2020;37,3;10:01:53
25;10;2020;37,5;08:18:07
25;10;2020;37,5;08:46:03
25;10;2020;37,4;08:56:19
25;10;2020;37,4;17:40:28
25;10;2020;37,2;16:08:10
25;10;2020;37,2;11:21:57
25;10;2020;37,2;13:41:51
25;10;2020;37;14:40:46
25;10;2020;37;13:24:16
25;10;2020;37;16:57:01
25;10;2020;36,8;15:04:24
25;10;2020;36,7;14:11:54
25;10;2020;36,7;15:14:53
25;10;2020;36,6;07:06:22
25;10;2020;36,5;10:40:26
25;10;2020;36,2;09:58:47
25;10;2020;36,1;10:34:52
25;10;2020;36,1;10:02:58
25;10;2020;36,1;14:15:05
25;10;2020;35,9;16:49:34
25;10;2020;35,9;10:05:29
25;10;2020;35,8;15:19:17
25;10;2020;35,8;07:11:21
25;10;2020;35,7;12:31:51
25;10;2020;35,5;07:26:32
26;10;2020;36,8;07:40:33
26;10;2020;36,3;16:17:30
26;10;2020;37,5;08:50:07
26;10;2020;37,1;12:09:08
26;10;2020;36,4;14:05:16
26;10;2020;37;10:50:29
26;10;2020;36;15:00:31
26;10;2020;36;11:39:22
26;10;2020;37,4;15:44:09
26;10;2020;37,3;11:32:45
26;10;2020;37,3;12:54:21
26;10;2020;37,2;09:08:27
26;10;2020;36,8;17:58:46
26;10;2020;36,8;08:54:46
26;10;2020;36,8;16:30:40
26;10;2020;36,8;09:09:06
26;10;2020;36,7;17:03:49
26;10;2020;36,6;12:34:15
26;10;2020;36,4;10:16:39
26;10;2020;36,4;11:39:06
26;10;2020;36,3;14:18:46
26;10;2020;36,3;13:10:13
26;10;2020;35,9;12:47:42
26;10;2020;35,6;09:17:52
26;10;2020;35,6;09:13:19
26;10;2020;35,5;10:52:43
27;10;2020;36,2;13:50:50
27;10;2020;36,5;11:19:49
27;10;2020;36,5;09:47:50
27;10;2020;37,2;16:37:58
27;10;2020;36,8;17:10:59
27;10;2020;36,3;15:47:04
27;10;2020;37,4;08:58:03
27;10;2020;37,5;07:54:58
27;10;2020;37,5;10:27:59
27;10;2020;37,4;15:08:00
27;10;2020;37,1;13:12:06
27;10;2020;37,1;08:30:08
27;10;2020;36,9;10:52:26
27;10;2020;36,9;10:46:33
27;10;2020;36,9;16:57:46
27;10;2020;36,8;11:38:41
27;10;2020;36,8;09:15:55
27;10;2020;36,8;17:08:06
27;10;2020;36,6;08:58:06
27;10;2020;36,6;07:23:22
27;10;2020;36,5;08:15:25
27;10;2020;36,4;12:54:25
27;10;2020;36,3;08:51:17
27;10;2020;36,3;17:37:21
27;10;2020;36;15:51:01
27;10;2020;36;12:59:58
27;10;2020;36;16:50:17
27;10;2020;35,9;07:35:12
27;10;2020;35,8;16:07:04
27;10;2020;35,5;16:04:00
28;10;2020;36,1;17:56:10
28;10;2020;36,5;09:25:23
28;10;2020;36,5;11:53:28
28;10;2020;36,1;09:29:17
28;10;2020;36,2;15:35:17
28;10;2020;36,1;16:48:16
28;10;2020;36,2;10:36:52
28;10;2020;37;16:44:02
28;10;2020;37;13:04:51
28;10;2020;37,5;09:29:49
28;10;2020;36,7;13:25:23
28;10;2020;36;14:22:22
28;10;2020;37,3;07:52:09
28;10;2020;37,3;10:57:11
28;10;2020;36,8;17:10:18
28;10;2020;36,8;10:53:42
28;10;2020;36,7;07:42:39
28;10;2020;36,5;08:57:04
28;10;2020;36,5;09:11:25
28;10;2020;36,3;17:20:48
28;10;2020;36,3;09:55:48
28;10;2020;36,3;11:09:02
28;10;2020;36;14:09:25
28;10;2020;35,9;15:45:03
28;10;2020;35,7;11:07:40
28;10;2020;35,6;14:17:37
28;10;2020;35,6;15:53:08
28;10;2020;35,5;08:52:54
29;10;2020;36,6;14:15:43
29;10;2020;37,4;16:34:40
29;10;2020;36,6;10:46:06
29;10;2020;36,5;09:18:29
29;10;2020;36;17:10:25
29;10;2020;36,5;15:15:53
29;10;2020;37,2;15:55:41
29;10;2020;36,2;17:14:14
29;10;2020;36,3;07:41:58
29;10;2020;37,2;13:05:21
29;10;2020;37,9;17:52:15
29;10;2020;36,2;11:31:58
29;10;2020;36,3;17:36:11
29;10;2020;36;14:51:19
29;10;2020;37,5;16:45:35
29;10;2020;37,2;12:27:34
29;10;2020;37,2;14:43:36
29;10;2020;37,2;12:51:51
29;10;2020;37;16:47:46
29;10;2020;37;12:39:39
29;10;2020;36,6;09:55:22
29;10;2020;36,6;08:19:59
29;10;2020;36,3;10:13:48
29;10;2020;36,1;16:57:56
29;10;2020;36,1;08:53:44
29;10;2020;36,1;14:16:35
29;10;2020;36,1;09:24:43
29;10;2020;36;13:53:15
29;10;2020;35,8;07:58:13
29;10;2020;35,7;09:23:42
29;10;2020;35,5;08:31:59
29;10;2020;35,5;12:31:34
1;11;2020;36,3;08:28:13
1;11;2020;36,3;17:10:14
1;11;2020;36,4;14:24:49
1;11;2020;36,9;08:57:34
1;11;2020;37,2;07:16:45
1;11;2020;37,4;14:17:03
1;11;2020;36,8;16:16:33
1;11;2020;36,4;08:18:29
1;11;2020;36,5;08:56:58
1;11;2020;36,4;16:30:31
1;11;2020;36,4;08:56:35
1;11;2020;37,3;11:37:49
1;11;2020;37,2;13:36:31
1;11;2020;37,2;11:09:22
1;11;2020;37,1;17:27:31
1;11;2020;36,9;13:41:32
1;11;2020;36,8;12:39:35
1;11;2020;36,6;09:30:39
1;11;2020;36,6;11:15:49
1;11;2020;36,6;17:27:44
1;11;2020;36,4;15:14:54
1;11;2020;36,4;10:09:03
1;11;2020;36,3;16:13:27
1;11;2020;36,1;13:57:22
1;11;2020;35,9;13:06:46
1;11;2020;35,9;16:15:49
1;11;2020;35,9;16:00:43
1;11;2020;35,9;07:18:54
1;11;2020;35,9;17:36:09
1;11;2020;35,9;07:11:22
1;11;2020;35,7;16:14:41
1;11;2020;35,7;09:51:16
1;11;2020;35,5;14:21:54
1;11;2020;35,5;07:47:30
2;11;2020;37;07:41:02
2;11;2020;37,2;16:19:11
2;11;2020;37,4;08:22:30
2;11;2020;37,1;12:40:52
2;11;2020;36,7;15:59:41
2;11;2020;37,3;16:39:08
2;11;2020;37,2;15:34:02
2;11;2020;37,1;16:13:53
2;11;2020;37;15:04:33
2;11;2020;36,9;13:20:43
2;11;2020;36,9;12:23:36
2;11;2020;36,7;07:16:48
2;11;2020;37,1;11:28:39
2;11;2020;36,6;08:52:53
2;11;2020;36,6;13:43:47
2;11;2020;36,4;13:07:59
2;11;2020;36,3;08:23:23
2;11;2020;36,3;16:10:06
2;11;2020;36,1;07:03:15
2;11;2020;36,1;11:59:48
2;11;2020;36;17:53:19
2;11;2020;36;07:25:19
2;11;2020;36;09:25:09
2;11;2020;35,9;13:31:19
2;11;2020;35,7;17:22:52
2;11;2020;35,7;09:48:04
2;11;2020;35,7;13:44:12
2;11;2020;35,7;13:16:34
2;11;2020;35,5;13:20:54
3;11;2020;36,6;10:06:56
3;11;2020;36,1;15:23:33
3;11;2020;36,8;08:29:12
3;11;2020;37,4;15:35:56
3;11;2020;36,6;17:15:16
3;11;2020;37,2;15:51:07
3;11;2020;37,3;07:09:37
3;11;2020;37,5;07:14:32
3;11;2020;37,3;08:21:49
3;11;2020;37,3;07:03:39
3;11;2020;37,2;10:33:57
3;11;2020;37,2;17:32:42
3;11;2020;37,2;09:10:19
3;11;2020;37,2;10:34:17
3;11;2020;37;15:35:01
3;11;2020;37;07:18:23
3;11;2020;37;15:39:00
3;11;2020;36,9;07:15:08
3;11;2020;36,8;13:46:54
3;11;2020;36,7;10:00:16
3;11;2020;36,7;16:40:26
3;11;2020;36,7;12:27:09
3;11;2020;36,5;16:04:28
3;11;2020;36,5;10:40:40
3;11;2020;36,5;13:49:03
3;11;2020;36,2;12:04:54
3;11;2020;36,1;11:55:10
3;11;2020;36;15:27:26
3;11;2020;36;10:37:36
3;11;2020;35,9;11:40:30
3;11;2020;35,9;17:48:00
3;11;2020;35,8;07:22:24
3;11;2020;35,8;10:48:36
3;11;2020;35,6;17:07:51
3;11;2020;35,6;10:10:58
3;11;2020;35,5;14:49:06
4;11;2020;36,2;13:20:05
4;11;2020;36,4;14:16:52
4;11;2020;36,7;17:35:27
4;11;2020;36,7;13:56:26
4;11;2020;36,6;08:25:35
4;11;2020;36,7;08:05:21
4;11;2020;36,2;14:40:45
4;11;2020;36,7;11:03:38
4;11;2020;37,1;11:22:50
4;11;2020;37,1;10:39:42
4;11;2020;36;16:30:22
4;11;2020;37,4;15:12:17
4;11;2020;37,5;13:36:05
4;11;2020;37,4;15:12:10
4;11;2020;37,2;10:43:27
4;11;2020;37,1;11:21:01
4;11;2020;37;16:52:31
4;11;2020;36,6;08:05:19
4;11;2020;36,5;17:44:32
4;11;2020;36,2;16:57:19
4;11;2020;36,1;11:51:44
4;11;2020;35,9;08:56:28
4;11;2020;35,9;14:49:06
4;11;2020;35,5;08:49:56
5;11;2020;36,5;13:50:03
5;11;2020;36,2;14:04:08
5;11;2020;36;07:22:11
5;11;2020;37,3;14:31:58
5;11;2020;36,2;12:57:15
5;11;2020;37,2;10:33:08
5;11;2020;36,1;11:37:39
5;11;2020;36,7;07:25:42
5;11;2020;37,5;10:21:53
5;11;2020;37,4;11:38:26
5;11;2020;37;16:32:14
5;11;2020;37,2;12:36:12
5;11;2020;37,1;12:37:19
5;11;2020;36,8;17:44:47
5;11;2020;36,8;09:01:55
5;11;2020;36,8;15:10:02
5;11;2020;36,7;10:02:27
5;11;2020;36,7;16:39:28
5;11;2020;36,3;09:09:47
5;11;2020;36,3;12:53:26
5;11;2020;36,1;10:29:19
5;11;2020;36,1;15:05:39
5;11;2020;36;17:11:48
5;11;2020;35,8;11:36:33
5;11;2020;35,8;11:09:09
5;11;2020;35,5;11:58:16
5;11;2020;35,5;16:31:27
6;11;2020;36,9;11:03:28
6;11;2020;36,8;11:24:23
6;11;2020;37,2;15:04:56
6;11;2020;36;17:25:32
6;11;2020;36,4;11:46:53
6;11;2020;37,4;08:43:08
6;11;2020;37,4;14:56:36
6;11;2020;37,3;10:57:42
6;11;2020;37,2;08:07:12
6;11;2020;37,2;15:57:26
6;11;2020;37,1;17:55:25
6;11;2020;37,1;11:24:56
6;11;2020;36,9;11:50:41
6;11;2020;36,9;13:50:12
6;11;2020;36,8;08:54:26
6;11;2020;36,8;11:20:41
6;11;2020;36,4;10:38:48
6;11;2020;36,3;13:44:08
6;11;2020;36,2;09:36:09
6;11;2020;36;10:56:21
6;11;2020;36;15:55:54
6;11;2020;35,9;11:26:04
6;11;2020;35,8;14:40:06
6;11;2020;35,7;08:06:23
6;11;2020;35,7;09:35:19
6;11;2020;35,6;16:26:12
6;11;2020;35,6;08:32:50
6;11;2020;35,5;09:56:08
7;11;2020;36,5;14:50:05
7;11;2020;36,5;15:32:18
7;11;2020;37,5;13:17:22
7;11;2020;37,1;11:06:08
7;11;2020;37,5;12:25:41
7;11;2020;37,4;17:12:07
7;11;2020;37,2;09:32:36
7;11;2020;37,5;07:53:00
7;11;2020;37,4;11:20:43
7;11;2020;37,3;16:12:52
7;11;2020;37,1;09:49:14
7;11;2020;37,1;12:29:33
7;11;2020;36,9;13:09:56
7;11;2020;36,8;14:17:21
7;11;2020;36,8;17:44:40
7;11;2020;36,8;09:26:19
7;11;2020;36,8;08:47:56
7;11;2020;36,7;07:26:53
7;11;2020;36,6;11:15:28
7;11;2020;36,6;11:57:30
7;11;2020;36,2;08:48:17
7;11;2020;36,1;09:59:28
7;11;2020;35,9;12:29:06
7;11;2020;35,8;08:30:31
7;11;2020;35,7;11:42:43
7;11;2020;35,7;12:59:30
7;11;2020;35,6;08:10:32
7;11;2020;35,6;14:27:43
8;11;2020;36,5;08:35:54
8;11;2020;36,6;07:47:57
8;11;2020;36,6;08:55:22
8;11;2020;37,1;07:31:59
8;11;2020;36,9;12:29:14
8;11;2020;36,7;10:49:50
8;11;2020;37,2;15:25:47
8;11;2020;37,2;12:12:17
8;11;2020;36,6;13:23:34
8;11;2020;36,5;13:11:47
8;11;2020;36,4;15:15:20
8;11;2020;36,4;14:42:52
8;11;2020;36,1;16:46:34
8;11;2020;36;12:42:20
8;11;2020;35,9;15:31:28
8;11;2020;35,9;11:59:58
8;11;2020;35,8;09:02:09
8;11;2020;35,7;08:12:54
9;11;2020;37,2;09:55:42
9;11;2020;36,2;09:27:32
9;11;2020;37,1;11:00:27
9;11;2020;36,6;09:38:24
9;11;2020;36,8;08:10:49
9;11;2020;38,2;16:13:45
9;11;2020;38,2;16:05:59
9;11;2020;36,1;08:59:36
9;11;2020;36,1;12:46:15
9;11;2020;36,1;12:35:23
9;11;2020;36,7;11:24:12
9;11;2020;37,3;17:46:59
9;11;2020;37,2;16:10:22
9;11;2020;37,2;16:52:41
9;11;2020;37,2;16:12:18
9;11;2020;37,1;12:31:46
9;11;2020;37,1;12:29:58
9;11;2020;36,7;12:36:49
9;11;2020;36,7;09:04:34
9;11;2020;36,3;11:09:02
9;11;2020;36,2;13:19:50
9;11;2020;36;13:26:19
9;11;2020;35,7;09:44:44
9;11;2020;35,6;17:28:18
9;11;2020;35,5;14:33:34
10;11;2020;37,3;14:46:30
10;11;2020;36,5;14:39:33
10;11;2020;36,9;16:17:03
10;11;2020;36,4;09:39:23
10;11;2020;36,5;14:14:53
10;11;2020;36,6;15:00:05
10;11;2020;37,5;10:31:57
10;11;2020;37,4;07:49:01
10;11;2020;37,3;07:19:07
10;11;2020;37,1;10:10:32
10;11;2020;37,1;07:53:02
10;11;2020;36,7;09:34:49
10;11;2020;36,6;11:55:59
10;11;2020;36,5;16:08:58
10;11;2020;36,5;09:31:38
10;11;2020;36,5;15:38:33
10;11;2020;36,4;11:13:34
10;11;2020;36,3;07:43:32
10;11;2020;36,3;17:59:06
10;11;2020;36,3;12:54:40
10;11;2020;35,9;08:05:14
10;11;2020;35,9;09:22:38
10;11;2020;35,8;14:04:50
10;11;2020;35,7;15:28:23
10;11;2020;35,7;15:29:40
10;11;2020;35,5;15:35:30
11;11;2020;37,3;10:14:15
11;11;2020;36,3;15:23:39
11;11;2020;36,8;16:22:49
11;11;2020;36,8;15:11:57
11;11;2020;37,5;14:35:21
11;11;2020;37,3;08:06:02
11;11;2020;37,3;17:15:32
11;11;2020;37,2;08:59:11
11;11;2020;37,2;11:47:44
11;11;2020;37,2;14:08:23
11;11;2020;37,1;13:57:09
11;11;2020;37;17:44:57
11;11;2020;36,8;14:29:18
11;11;2020;36,5;14:08:30
11;11;2020;36,4;14:16:27
11;11;2020;36,3;07:28:49
11;11;2020;36,2;10:11:48
11;11;2020;35,8;10:28:09
11;11;2020;35,7;08:53:30
11;11;2020;35,6;08:32:40
11;11;2020;35,5;12:06:05
12;11;2020;37,4;17:42:32
12;11;2020;36,9;17:32:37
12;11;2020;37,2;15:50:25
12;11;2020;36,6;14:06:23
12;11;2020;36,9;10:00:12
12;11;2020;37,2;11:50:10
12;11;2020;36,6;07:27:49
12;11;2020;36,4;13:42:00
12;11;2020;37,1;11:04:29
12;11;2020;36,3;08:37:50
12;11;2020;36,9;16:11:37
12;11;2020;36,1;09:15:48
12;11;2020;37,5;15:53:40
12;11;2020;37,2;10:36:44
12;11;2020;37,2;09:20:55
12;11;2020;36,9;07:11:02
12;11;2020;36,8;12:32:13
12;11;2020;36,5;08:03:10
12;11;2020;36,3;07:36:54
12;11;2020;36,2;12:46:42
12;11;2020;36,2;08:31:55
12;11;2020;36,1;07:43:01
12;11;2020;36;12:40:37
12;11;2020;35,9;13:24:38
12;11;2020;35,5;12:54:07
12;11;2020;35,5;08:53:22
13;11;2020;37;10:06:51
13;11;2020;36,3;11:26:05
13;11;2020;36,1;16:51:41
13;11;2020;36,5;13:25:31
13;11;2020;36,8;17:04:04
13;11;2020;37,4;14:45:22
13;11;2020;37,5;17:58:41
13;11;2020;36,7;12:51:36
13;11;2020;36,1;14:18:53
13;11;2020;36,2;14:38:50
13;11;2020;36,6;14:54:29
13;11;2020;37,1;10:23:51
13;11;2020;36,5;11:23:46
13;11;2020;37,2;11:22:38
13;11;2020;36;11:59:49
13;11;2020;37,4;17:53:25
13;11;2020;37,4;14:37:33
13;11;2020;37,4;09:25:55
13;11;2020;37,4;17:09:06
13;11;2020;37,4;14:05:21
13;11;2020;37,3;14:15:54
13;11;2020;37,1;16:44:14
13;11;2020;37;09:15:24
13;11;2020;37;09:10:01
13;11;2020;36,9;16:16:47
13;11;2020;36,9;15:29:11
13;11;2020;36,8;10:12:19
13;11;2020;36,8;16:30:41
13;11;2020;36,8;13:05:35
13;11;2020;36,5;17:16:07
13;11;2020;36,5;08:12:52
13;11;2020;36,4;09:22:49
13;11;2020;36,4;12:09:40
13;11;2020;36,4;10:26:35
13;11;2020;36,3;09:16:08
13;11;2020;36,7;12:10:05
13;11;2020;36,1;09:23:09
13;11;2020;36;13:34:07
13;11;2020;35,9;15:11:33
13;11;2020;35,8;13:32:37
13;11;2020;35,7;07:59:43
13;11;2020;35,6;16:41:49
14;11;2020;37,1;15:20:15
14;11;2020;36,7;10:20:37
14;11;2020;36,1;13:27:21
14;11;2020;36,8;12:18:54
14;11;2020;36,7;12:51:25
14;11;2020;37,4;08:57:23
14;11;2020;37;15:31:08
14;11;2020;36,1;13:15:41
14;11;2020;36;16:33:54
14;11;2020;36,6;16:35:11
14;11;2020;36,5;13:30:52
14;11;2020;36,1;11:32:20
14;11;2020;36,2;17:26:28
14;11;2020;37,4;14:01:13
14;11;2020;37,2;10:02:47
14;11;2020;37,1;15:42:30
14;11;2020;36,9;08:00:31
14;11;2020;36,8;13:08:29
14;11;2020;36,6;10:46:42
14;11;2020;36,5;14:12:02
14;11;2020;36,4;15:12:04
14;11;2020;36;09:54:37
14;11;2020;35,8;11:16:38
14;11;2020;35,7;15:50:18
14;11;2020;35,7;09:01:57
14;11;2020;35,7;07:19:55
14;11;2020;35,6;10:22:57
15;11;2020;37,1;07:11:19
15;11;2020;36,3;16:28:15
15;11;2020;37,2;14:08:00
15;11;2020;36,6;07:55:57
15;11;2020;36;13:47:04
15;11;2020;37,3;10:46:17
15;11;2020;36;13:55:02
15;11;2020;36,1;15:58:23
15;11;2020;37,1;07:18:30
15;11;2020;36;07:30:55
15;11;2020;37,6;07:40:57
15;11;2020;37,6;12:01:15
15;11;2020;37,4;13:31:49
15;11;2020;37,4;13:41:23
15;11;2020;37,4;11:35:46
15;11;2020;37,4;09:05:01
15;11;2020;37,3;17:06:06
15;11;2020;36,9;14:24:01
15;11;2020;36,9;14:53:28
15;11;2020;36,8;11:31:09
15;11;2020;36,4;11:07:22
15;11;2020;36,4;10:55:25
15;11;2020;36,5;10:01:24
15;11;2020;35,8;11:22:21
15;11;2020;35,8;15:56:17
15;11;2020;35,7;08:56:18
15;11;2020;35,7;14:41:05
15;11;2020;35,5;07:08:19
16;11;2020;36,9;16:06:12
16;11;2020;38,1;14:13:09
16;11;2020;36,3;12:16:08
16;11;2020;36,1;11:04:07
16;11;2020;36,9;13:49:17
16;11;2020;36,6;14:06:01
16;11;2020;36,5;10:05:11
16;11;2020;37,4;08:00:19
16;11;2020;37,4;11:13:20
16;11;2020;37,3;09:36:13
16;11;2020;37,3;09:36:24
16;11;2020;37,2;13:09:03
16;11;2020;37,1;13:07:50
16;11;2020;36,8;10:11:40
16;11;2020;36,7;09:47:50
16;11;2020;36,5;11:18:20
16;11;2020;36,4;11:14:38
16;11;2020;36,4;15:56:17
16;11;2020;36,3;16:31:00
16;11;2020;36,3;17:40:33
16;11;2020;36,3;11:02:55
16;11;2020;36;13:13:29
16;11;2020;35,9;07:57:03
16;11;2020;35,7;13:19:33
16;11;2020;35,6;10:31:52
17;11;2020;36,4;10:54:29
17;11;2020;37,5;15:16:32
17;11;2020;36,6;14:19:11
17;11;2020;37,1;14:20:41
17;11;2020;36,7;11:41:34
17;11;2020;37;17:26:26
17;11;2020;36,5;11:48:01
17;11;2020;37,5;12:27:50
17;11;2020;37,2;10:35:10
17;11;2020;36,1;08:49:34
17;11;2020;37,5;14:35:32
17;11;2020;37,3;11:19:54
17;11;2020;37,3;09:32:13
17;11;2020;37,2;15:30:41
17;11;2020;37,2;12:05:38
17;11;2020;37;10:10:10
17;11;2020;37;16:35:47
17;11;2020;36,7;11:38:01
17;11;2020;36,6;14:26:53
17;11;2020;36,5;11:45:29
17;11;2020;36,3;14:12:56
17;11;2020;36,3;09:35:01
17;11;2020;36,2;12:54:40
17;11;2020;35,9;17:15:32
17;11;2020;35,9;10:59:11
17;11;2020;35,8;16:18:14
17;11;2020;35,8;17:42:02
17;11;2020;35,6;07:31:48
17;11;2020;35,6;15:11:51
17;11;2020;35,6;12:33:25
17;11;2020;35,5;10:11:33
18;11;2020;37,3;10:21:49
18;11;2020;36,7;17:50:32
18;11;2020;36,9;16:37:05
18;11;2020;36,1;08:25:45
18;11;2020;36;15:39:48
18;11;2020;37,4;08:22:45
18;11;2020;36,1;16:31:31
18;11;2020;36,9;10:30:45
18;11;2020;37,1;10:26:23
18;11;2020;36,5;14:16:10
18;11;2020;36,5;07:47:01
18;11;2020;36,7;07:05:38
18;11;2020;37,5;14:56:57
18;11;2020;37,5;13:06:57
18;11;2020;37,5;16:23:14
18;11;2020;37,3;13:34:13
18;11;2020;37,2;13:16:54
18;11;2020;37,2;17:48:16
18;11;2020;37,2;12:37:22
18;11;2020;37,1;11:22:25
18;11;2020;37;09:10:30
18;11;2020;37;13:06:27
18;11;2020;36,9;14:15:12
18;11;2020;36,8;16:45:47
18;11;2020;36,5;16:58:23
18;11;2020;36,5;15:48:25
18;11;2020;36,4;16:33:34
18;11;2020;36,3;10:55:23
18;11;2020;36,2;14:24:10
18;11;2020;36;13:44:08
18;11;2020;36;15:07:50
18;11;2020;35,9;12:58:52
19;11;2020;36,5;16:39:38
19;11;2020;37,5;17:30:02
19;11;2020;36,1;09:01:01
19;11;2020;37,5;07:03:24
19;11;2020;36,6;09:58:40
19;11;2020;38;15:35:20
19;11;2020;36;09:12:45
19;11;2020;36,2;16:36:23
19;11;2020;37,5;07:39:02
19;11;2020;37,3;15:06:30
19;11;2020;37,1;15:03:11
19;11;2020;37,8;10:27:17
19;11;2020;36,4;07:35:10
19;11;2020;36,3;16:30:14
19;11;2020;37,5;09:49:32
19;11;2020;37,3;12:37:14
19;11;2020;37,3;08:25:28
19;11;2020;37,2;07:47:20
19;11;2020;37,1;12:47:59
19;11;2020;37;15:07:18
19;11;2020;36,8;10:08:26
19;11;2020;36,7;11:33:52
19;11;2020;36,6;14:22:27
19;11;2020;36,5;08:48:50
19;11;2020;36,5;17:46:59
19;11;2020;36,2;16:40:55
19;11;2020;36;08:22:14
19;11;2020;35,7;07:10:41
19;11;2020;35,6;10:44:26
20;11;2020;36,3;07:25:18
20;11;2020;37,1;16:06:24
20;11;2020;36,4;09:59:04
20;11;2020;36,6;17:11:53
20;11;2020;36,1;09:20:17
20;11;2020;36;07:06:11
20;11;2020;37;09:52:30
20;11;2020;37,5;08:31:31
20;11;2020;37;17:14:27
20;11;2020;37,2;08:36:32
20;11;2020;37,5;08:38:32
20;11;2020;37,2;17:58:23
20;11;2020;37,2;07:26:45
20;11;2020;36,7;14:59:44
20;11;2020;37,1;17:21:42
20;11;2020;36,8;11:37:05
20;11;2020;36,8;08:37:21
20;11;2020;36,8;17:56:55
20;11;2020;36,8;14:19:39
20;11;2020;36,6;15:31:12
20;11;2020;36,6;08:33:08
20;11;2020;36,5;13:56:18
20;11;2020;36,5;09:44:37
20;11;2020;36,2;13:13:21
20;11;2020;36,2;16:08:21
20;11;2020;35,8;14:56:17
20;11;2020;35,8;08:22:41
20;11;2020;35,7;08:37:27
20;11;2020;35,7;07:20:04
20;11;2020;35,7;14:43:59
20;11;2020;35,5;15:21:07
21;11;2020;37,5;08:57:29
21;11;2020;36,5;12:34:09
21;11;2020;37,5;17:16:41
21;11;2020;36,1;14:12:18
21;11;2020;36,9;14:39:07
21;11;2020;36,4;13:36:54
21;11;2020;36;14:23:30
21;11;2020;37,5;17:57:34
21;11;2020;37;14:59:42
21;11;2020;36,9;16:02:40
21;11;2020;36,8;17:54:26
21;11;2020;36,7;15:59:14
21;11;2020;36,7;17:03:32
21;11;2020;36,6;14:48:40
21;11;2020;36,6;16:19:10
21;11;2020;36,4;09:51:04
21;11;2020;36,4;11:34:32
21;11;2020;36,1;17:30:59
21;11;2020;36,1;07:58:17
21;11;2020;35,7;12:46:29
21;11;2020;35,5;07:33:49
22;11;2020;37,5;14:54:58
22;11;2020;36,7;12:22:03
22;11;2020;36;15:24:09
22;11;2020;37;12:27:20
22;11;2020;36,8;07:33:14
22;11;2020;37,5;09:26:26
22;11;2020;37,5;16:23:55
22;11;2020;37,5;11:25:38
22;11;2020;37,4;14:16:53
22;11;2020;37,3;07:48:24
22;11;2020;37,5;12:01:56
22;11;2020;37,2;08:57:47
22;11;2020;36,9;09:44:41
22;11;2020;36,6;15:39:57
22;11;2020;36,1;12:47:20
22;11;2020;36,1;09:12:19
22;11;2020;36,1;08:23:55
22;11;2020;36;16:17:43
22;11;2020;35,9;14:08:21
22;11;2020;35,8;15:26:59
22;11;2020;35,7;09:45:09
22;11;2020;35,7;12:07:55
22;11;2020;35,7;16:05:01
22;11;2020;35,6;16:35:29
23;11;2020;37,3;11:56:45
23;11;2020;36,1;11:11:44
23;11;2020;36;17:00:59
23;11;2020;37,1;14:39:29
23;11;2020;36;11:15:48
23;11;2020;36,7;13:56:51
23;11;2020;37,2;12:59:05
23;11;2020;37,3;13:32:23
23;11;2020;37;07:39:37
23;11;2020;36,3;08:30:39
23;11;2020;37,5;07:17:25
23;11;2020;36,9;17:31:35
23;11;2020;37,3;16:35:28
23;11;2020;37,3;14:40:41
23;11;2020;37;11:43:21
23;11;2020;37;08:52:25
23;11;2020;36,9;11:45:34
23;11;2020;36,4;07:53:05
23;11;2020;36,4;11:29:46
23;11;2020;36,2;07:54:03
23;11;2020;36,2;07:50:41
23;11;2020;35,8;17:08:22
23;11;2020;35,7;14:38:11
23;11;2020;35,7;15:59:32
23;11;2020;35,7;16:29:03
23;11;2020;35,5;16:52:50
23;11;2020;35,5;16:23:23
24;11;2020;37,4;16:33:34
24;11;2020;37;07:58:04
24;11;2020;36,7;13:25:22
24;11;2020;36,6;12:29:25
24;11;2020;37,1;14:19:22
24;11;2020;36,1;14:56:54
24;11;2020;36,9;14:48:52
24;11;2020;37,2;11:09:50
24;11;2020;37,5;14:35:18
24;11;2020;37,5;08:52:14
24;11;2020;37,4;15:13:48
24;11;2020;37,3;16:05:25
24;11;2020;37,3;09:20:48
24;11;2020;37,3;15:41:48
24;11;2020;37,2;16:25:42
24;11;2020;37,2;10:19:43
24;11;2020;37;17:43:34
24;11;2020;36,6;11:03:49
24;11;2020;36,6;13:22:44
24;11;2020;36,5;15:00:09
24;11;2020;36,5;13:02:49
24;11;2020;36,5;17:26:43
24;11;2020;36,3;11:21:01
24;11;2020;36,3;13:02:03
24;11;2020;36,3;12:25:24
24;11;2020;36,2;07:40:50
24;11;2020;36,1;16:32:52
24;11;2020;36,1;17:39:21
24;11;2020;35,9;10:36:22
24;11;2020;35,6;17:40:31
25;11;2020;36,4;07:27:38
25;11;2020;36,6;17:05:09
25;11;2020;36;08:51:05
25;11;2020;37,3;15:54:40
25;11;2020;37,5;16:27:35
25;11;2020;37,5;07:53:31
25;11;2020;37,5;11:01:32
25;11;2020;37,4;08:07:06
25;11;2020;37,1;16:48:12
25;11;2020;37,1;09:28:37
25;11;2020;37;14:38:41
25;11;2020;37;13:39:13
25;11;2020;36,4;15:44:28
25;11;2020;36,1;17:55:43
25;11;2020;36;11:15:38
25;11;2020;35,9;09:03:07
25;11;2020;35,9;08:00:24
25;11;2020;35,7;09:11:03
25;11;2020;35,7;12:42:06
26;11;2020;36,2;11:26:54
26;11;2020;36,4;07:34:51
26;11;2020;37,5;17:01:47
26;11;2020;36,3;10:44:00
26;11;2020;37,3;13:07:50
26;11;2020;36,1;09:21:44
26;11;2020;37,2;10:41:21
26;11;2020;37,2;17:04:13
26;11;2020;37,1;07:09:12
26;11;2020;37;10:29:44
26;11;2020;37;08:51:33
26;11;2020;37;17:49:47
26;11;2020;37;14:15:43
26;11;2020;36,8;09:29:52
26;11;2020;36,6;13:40:10
26;11;2020;36,5;13:00:53
26;11;2020;36,5;11:11:28
26;11;2020;36,4;16:31:13
26;11;2020;36,1;14:34:53
26;11;2020;35,9;10:50:56
26;11;2020;35,8;07:24:44
26;11;2020;35,7;07:38:11
26;11;2020;35,7;12:15:51
26;11;2020;35,7;07:30:44
26;11;2020;35,5;10:05:53
27;11;2020;36,4;16:06:28
27;11;2020;37,1;17:59:51
27;11;2020;36,9;09:35:53
27;11;2020;36,6;15:00:18
27;11;2020;36,1;17:32:46
27;11;2020;36;13:37:44
27;11;2020;36,4;13:26:15
27;11;2020;37;11:13:54
27;11;2020;37,3;12:24:09
27;11;2020;37,1;08:36:23
27;11;2020;37,2;16:24:44
27;11;2020;37,2;13:00:55
27;11;2020;37;08:50:40
27;11;2020;36,8;15:21:55
27;11;2020;36,7;08:23:44
27;11;2020;36,5;10:56:26
27;11;2020;36,3;15:48:57
27;11;2020;36,3;14:30:01
27;11;2020;35,9;14:38:03
27;11;2020;35,7;07:56:41
27;11;2020;35,6;08:50:59
27;11;2020;35,6;17:43:37
27;11;2020;35,5;11:36:44
28;11;2020;37,3;15:27:03
28;11;2020;37,3;07:44:15
28;11;2020;36,7;13:48:25
28;11;2020;36,6;12:40:09
28;11;2020;36,7;17:12:36
28;11;2020;36,4;12:15:49
28;11;2020;37,2;13:29:28
28;11;2020;37;08:18:13
28;11;2020;36,6;14:45:53
28;11;2020;37,5;14:05:26
28;11;2020;37,2;16:07:13
28;11;2020;37,2;13:26:37
28;11;2020;37,2;08:42:51
28;11;2020;37,1;11:37:17
28;11;2020;37,1;08:00:31
28;11;2020;37,1;08:00:45
28;11;2020;37;11:58:05
28;11;2020;36,9;13:55:45
28;11;2020;36,9;07:59:57
28;11;2020;36,7;12:22:45
28;11;2020;36,4;10:10:26
28;11;2020;36,4;14:04:28
28;11;2020;36,3;11:35:35
28;11;2020;36,2;07:07:03
28;11;2020;36;09:19:05
28;11;2020;36;11:53:03
28;11;2020;36;09:17:34
28;11;2020;35,9;11:34:54
28;11;2020;35,9;17:48:29
28;11;2020;35,7;15:03:42
28;11;2020;35,6;10:24:48
29;11;2020;36,9;07:54:05
29;11;2020;36,9;16:19:14
29;11;2020;37,5;09:08:13
29;11;2020;36,7;11:26:19
29;11;2020;37,5;13:48:25
29;11;2020;36,7;15:04:21
29;11;2020;36,8;16:59:12
29;11;2020;37,5;14:15:54
29;11;2020;36,8;13:52:35
29;11;2020;37,7;16:01:39
29;11;2020;36,1;09:34:13
29;11;2020;37,6;17:08:02
29;11;2020;37,5;15:06:11
29;11;2020;37,1;10:28:10
29;11;2020;37,1;12:44:55
29;11;2020;37;14:13:45
29;11;2020;37;13:41:50
29;11;2020;36,9;13:06:31
29;11;2020;36,9;14:18:37
29;11;2020;36,6;07:19:36
29;11;2020;36,3;14:10:52
29;11;2020;36,3;12:54:17
29;11;2020;36,2;10:16:02
29;11;2020;36,2;16:11:40
29;11;2020;36,1;10:26:46
29;11;2020;36;11:20:46
29;11;2020;35,9;17:38:48
29;11;2020;35,9;14:06:26
29;11;2020;35,9;16:58:59
29;11;2020;35,7;15:59:16
29;11;2020;35,7;17:20:57
29;11;2020;35,6;14:49:03
29;11;2020;35,5;16:25:18
29;11;2020;35,5;11:59:21
